task_id,task_type,assigned_machine,arrival_time,inference_time,completion_time
4,object_detection,triton_g4dn_xlarge_3,0,30,34
6,object_detection,triton_g4dn_xlarge_1,0,36,40
5,object_detection,triton_g4dn_xlarge_4,0,44,48
1,object_detection,triton_t2_large_7,0,48,51
2,object_detection,triton_t2_large_6,0,50,53
228,object_detection,triton_g4dn_xlarge_1,0,17,57
3,object_detection,triton_c5_2xlarge_1,0,54,58
7,object_detection,triton_g4dn_xlarge_3,0,21,58
71,object_detection,triton_g4dn_xlarge_4,0,16,65
8,object_detection,triton_g4dn_xlarge_1,0,26,84
10,object_detection,triton_t2_large_6,0,43,101
12,object_detection,triton_g4dn_xlarge_3,0,43,102
11,object_detection,triton_c5_2xlarge_1,0,51,110
50,object_detection,triton_g4dn_xlarge_1,0,26,110
13,object_detection,triton_g4dn_xlarge_4,0,44,113
9,object_detection,triton_t2_large_7,0,59,118
52,object_detection,triton_g4dn_xlarge_3,0,18,124
204,object_detection,triton_g4dn_xlarge_1,0,14,124
205,object_detection,triton_c5_2xlarge_1,0,31,141
51,object_detection,triton_t2_large_6,0,38,144
53,object_detection,triton_g4dn_xlarge_4,0,29,146
55,object_detection,triton_g4dn_xlarge_1,0,24,152
98,object_detection,triton_t2_large_7,0,39,157
54,object_detection,triton_g4dn_xlarge_3,0,30,158
114,object_detection,triton_c5_2xlarge_1,0,25,166
56,object_detection,triton_g4dn_xlarge_4,0,22,173
14,object_detection,triton_t2_large_6,0,31,176
116,object_detection,triton_g4dn_xlarge_1,0,23,176
58,object_detection,triton_g4dn_xlarge_3,0,31,192
157,object_detection,triton_g4dn_xlarge_1,0,28,204
99,object_detection,triton_g4dn_xlarge_4,0,32,206
15,object_detection,triton_c5_2xlarge_1,0,42,208
59,object_detection,triton_g4dn_xlarge_3,0,18,212
85,object_detection,triton_g4dn_xlarge_1,0,13,217
186,object_detection,triton_t2_large_6,0,43,220
57,object_detection,triton_t2_large_7,0,73,234
111,object_detection,triton_g4dn_xlarge_4,0,29,236
122,object_detection,triton_g4dn_xlarge_1,0,23,241
60,object_detection,triton_g4dn_xlarge_3,0,30,244
158,object_detection,triton_c5_2xlarge_1,0,37,247
66,object_detection,triton_g4dn_xlarge_4,0,22,258
159,object_detection,triton_t2_large_6,0,40,260
160,object_detection,triton_g4dn_xlarge_1,0,24,265
208,object_detection,triton_g4dn_xlarge_3,0,22,266
73,object_detection,triton_g4dn_xlarge_4,0,30,288
233,object_detection,triton_g4dn_xlarge_3,0,26,292
209,object_detection,triton_g4dn_xlarge_1,0,30,295
67,object_detection,triton_c5_2xlarge_1,0,58,305
112,object_detection,triton_t2_large_6,0,46,306
61,object_detection,triton_t2_large_7,0,76,311
161,object_detection,triton_g4dn_xlarge_1,0,23,318
249,object_detection,triton_g4dn_xlarge_4,0,29,318
149,object_detection,triton_g4dn_xlarge_3,0,27,320
162,object_detection,triton_t2_large_6,0,32,338
171,object_detection,triton_g4dn_xlarge_1,0,26,344
234,object_detection,triton_g4dn_xlarge_3,0,23,344
170,object_detection,triton_g4dn_xlarge_4,0,29,346
163,object_detection,triton_c5_2xlarge_1,0,54,360
62,object_detection,triton_t2_large_7,0,55,368
172,object_detection,triton_t2_large_6,0,30,370
63,object_detection,triton_g4dn_xlarge_3,0,33,378
64,object_detection,triton_g4dn_xlarge_1,0,34,380
150,object_detection,triton_g4dn_xlarge_4,0,38,385
152,object_detection,triton_g4dn_xlarge_3,0,20,401
153,object_detection,triton_g4dn_xlarge_1,0,21,402
174,object_detection,triton_t2_large_6,0,32,404
173,object_detection,triton_c5_2xlarge_1,0,44,405
250,object_detection,triton_g4dn_xlarge_4,0,27,413
151,object_detection,triton_t2_large_7,0,45,415
155,object_detection,triton_g4dn_xlarge_3,0,23,425
154,object_detection,triton_g4dn_xlarge_1,0,23,425
168,object_detection,triton_g4dn_xlarge_4,0,28,442
175,object_detection,triton_t2_large_6,0,41,445
176,object_detection,triton_g4dn_xlarge_3,0,21,446
177,object_detection,triton_g4dn_xlarge_1,0,25,451
181,object_detection,triton_c5_2xlarge_1,0,48,453
182,object_detection,triton_t2_large_7,0,57,474
65,object_detection,triton_g4dn_xlarge_4,0,31,474
178,object_detection,triton_g4dn_xlarge_3,0,42,488
68,object_detection,triton_g4dn_xlarge_1,0,38,491
169,object_detection,triton_t2_large_6,0,46,491
179,object_detection,triton_g4dn_xlarge_3,0,17,506
70,object_detection,triton_g4dn_xlarge_4,0,31,507
211,object_detection,triton_g4dn_xlarge_1,0,16,510
69,object_detection,triton_c5_2xlarge_1,0,60,513
74,object_detection,triton_g4dn_xlarge_3,0,18,526
72,object_detection,triton_t2_large_7,0,51,527
212,object_detection,triton_t2_large_6,0,35,530
180,object_detection,triton_g4dn_xlarge_1,0,20,531
75,object_detection,triton_g4dn_xlarge_4,0,24,532
214,object_detection,triton_g4dn_xlarge_3,0,22,549
213,object_detection,triton_c5_2xlarge_1,0,48,564
76,object_detection,triton_t2_large_6,0,38,568
183,object_detection,triton_g4dn_xlarge_4,0,38,572
184,object_detection,triton_g4dn_xlarge_1,0,41,575
222,object_detection,triton_g4dn_xlarge_3,0,28,577
225,object_detection,triton_t2_large_7,0,50,578
44,object_detection,triton_g4dn_xlarge_4,0,23,596
187,object_detection,triton_g4dn_xlarge_1,0,31,607
185,object_detection,triton_c5_2xlarge_1,0,43,608
215,object_detection,triton_t2_large_6,0,41,611
217,object_detection,triton_g4dn_xlarge_3,0,35,616
189,object_detection,triton_g4dn_xlarge_1,0,21,629
188,object_detection,triton_g4dn_xlarge_4,0,38,635
240,object_detection,triton_g4dn_xlarge_3,0,24,640
191,object_detection,triton_g4dn_xlarge_1,0,14,643
203,object_detection,triton_g4dn_xlarge_3,0,15,655
190,object_detection,triton_c5_2xlarge_1,0,48,657
230,object_detection,triton_g4dn_xlarge_4,0,19,657
218,object_detection,triton_t2_large_6,0,44,657
216,object_detection,triton_t2_large_7,0,75,657
219,object_detection,triton_g4dn_xlarge_1,0,20,664
220,object_detection,triton_g4dn_xlarge_1,0,24,690
236,object_detection,triton_g4dn_xlarge_3,0,33,692
237,object_detection,triton_g4dn_xlarge_4,0,38,697
232,object_detection,triton_t2_large_6,0,47,706
235,object_detection,triton_c5_2xlarge_1,0,51,710
231,object_detection,triton_t2_large_7,0,52,711
238,object_detection,triton_g4dn_xlarge_1,0,21,713
247,object_detection,triton_g4dn_xlarge_3,0,24,719
166,object_detection,triton_g4dn_xlarge_4,0,24,722
241,object_detection,triton_g4dn_xlarge_1,0,21,735
82,object_detection,triton_t2_large_6,0,37,744
243,object_detection,triton_g4dn_xlarge_3,0,20,745
244,object_detection,triton_g4dn_xlarge_4,0,21,746
248,object_detection,triton_g4dn_xlarge_1,0,14,752
239,object_detection,triton_c5_2xlarge_1,0,39,753
246,object_detection,triton_g4dn_xlarge_3,0,19,765
242,object_detection,triton_t2_large_7,0,51,765
16,object_detection,triton_g4dn_xlarge_4,0,22,771
17,object_detection,triton_g4dn_xlarge_1,0,18,777
245,object_detection,triton_t2_large_6,0,33,779
18,object_detection,triton_c5_2xlarge_1,0,36,795
19,object_detection,triton_g4dn_xlarge_3,0,28,798
37,object_detection,triton_g4dn_xlarge_4,0,32,805
21,object_detection,triton_g4dn_xlarge_1,0,26,807
20,object_detection,triton_t2_large_7,0,52,822
24,object_detection,triton_g4dn_xlarge_3,0,21,823
38,object_detection,triton_g4dn_xlarge_4,0,21,826
22,object_detection,triton_t2_large_6,0,45,826
25,object_detection,triton_g4dn_xlarge_1,0,17,830
23,object_detection,triton_c5_2xlarge_1,0,30,833
27,object_detection,triton_g4dn_xlarge_3,0,30,854
39,object_detection,triton_g4dn_xlarge_4,0,33,859
29,object_detection,triton_g4dn_xlarge_1,0,32,868
26,object_detection,triton_t2_large_7,0,48,871
40,object_detection,triton_t2_large_6,0,46,872
28,object_detection,triton_c5_2xlarge_1,0,37,872
30,object_detection,triton_g4dn_xlarge_3,0,21,879
142,object_detection,triton_g4dn_xlarge_4,0,31,892
31,object_detection,triton_g4dn_xlarge_1,0,34,904
32,object_detection,triton_g4dn_xlarge_3,0,32,912
194,object_detection,triton_t2_large_6,0,48,921
195,object_detection,triton_c5_2xlarge_1,0,52,925
33,object_detection,triton_g4dn_xlarge_3,0,16,930
129,object_detection,triton_g4dn_xlarge_4,0,39,930
196,object_detection,triton_g4dn_xlarge_1,0,25,931
143,object_detection,triton_t2_large_7,0,72,943
34,object_detection,triton_t2_large_6,0,30,955
35,object_detection,triton_g4dn_xlarge_3,0,22,957
104,object_detection,triton_c5_2xlarge_1,0,34,959
41,object_detection,triton_g4dn_xlarge_1,0,29,964
36,object_detection,triton_g4dn_xlarge_4,0,34,970
45,object_detection,triton_g4dn_xlarge_3,0,27,985
42,object_detection,triton_t2_large_7,0,52,998
43,object_detection,triton_t2_large_6,0,41,998
46,object_detection,triton_g4dn_xlarge_1,0,37,1005
47,object_detection,triton_g4dn_xlarge_3,0,15,1005
107,object_detection,triton_g4dn_xlarge_4,0,37,1007
105,object_detection,triton_c5_2xlarge_1,0,55,1014
48,object_detection,triton_t2_large_7,0,32,1032
49,object_detection,triton_t2_large_6,0,35,1036
79,object_detection,triton_g4dn_xlarge_1,0,26,1037
77,object_detection,triton_g4dn_xlarge_3,0,27,1038
78,object_detection,triton_g4dn_xlarge_4,0,32,1043
80,object_detection,triton_c5_2xlarge_1,0,49,1071
126,object_detection,triton_t2_large_6,0,37,1073
83,object_detection,triton_g4dn_xlarge_1,0,31,1074
81,object_detection,triton_g4dn_xlarge_3,0,32,1075
93,object_detection,triton_g4dn_xlarge_4,0,34,1078
92,object_detection,triton_t2_large_7,0,57,1089
84,object_detection,triton_g4dn_xlarge_1,0,21,1096
88,object_detection,triton_g4dn_xlarge_3,0,32,1107
106,object_detection,triton_g4dn_xlarge_4,0,37,1117
86,object_detection,triton_t2_large_6,0,41,1117
87,object_detection,triton_c5_2xlarge_1,0,47,1123
89,object_detection,triton_g4dn_xlarge_1,0,36,1132
94,object_detection,triton_g4dn_xlarge_3,0,29,1138
108,object_detection,triton_t2_large_7,0,54,1144
90,object_detection,triton_g4dn_xlarge_4,0,33,1151
110,object_detection,triton_g4dn_xlarge_1,0,26,1159
91,object_detection,triton_t2_large_6,0,44,1162
95,object_detection,triton_g4dn_xlarge_3,0,21,1164
109,object_detection,triton_c5_2xlarge_1,0,45,1168
96,object_detection,triton_g4dn_xlarge_4,0,33,1185
115,object_detection,triton_t2_large_7,0,45,1190
113,object_detection,triton_g4dn_xlarge_3,0,28,1193
97,object_detection,triton_g4dn_xlarge_1,0,31,1195
100,object_detection,triton_t2_large_6,0,42,1206
117,object_detection,triton_g4dn_xlarge_4,0,23,1211
101,object_detection,triton_c5_2xlarge_1,0,39,1213
118,object_detection,triton_g4dn_xlarge_3,0,24,1224
102,object_detection,triton_g4dn_xlarge_1,0,29,1224
193,object_detection,triton_g4dn_xlarge_4,0,32,1244
121,object_detection,triton_g4dn_xlarge_3,0,19,1252
119,object_detection,triton_t2_large_6,0,43,1254
103,object_detection,triton_t2_large_7,0,60,1256
123,object_detection,triton_g4dn_xlarge_1,0,28,1261
120,object_detection,triton_c5_2xlarge_1,0,46,1267
197,object_detection,triton_g4dn_xlarge_4,0,28,1273
125,object_detection,triton_g4dn_xlarge_3,0,25,1279
124,object_detection,triton_t2_large_6,0,36,1290
127,object_detection,triton_g4dn_xlarge_1,0,27,1292
131,object_detection,triton_g4dn_xlarge_4,0,27,1303
132,object_detection,triton_g4dn_xlarge_3,0,23,1310
133,object_detection,triton_g4dn_xlarge_1,0,21,1318
130,object_detection,triton_c5_2xlarge_1,0,46,1322
128,object_detection,triton_t2_large_7,0,71,1336
135,object_detection,triton_g4dn_xlarge_4,0,34,1344
164,object_detection,triton_g4dn_xlarge_3,0,33,1344
136,object_detection,triton_g4dn_xlarge_1,0,26,1346
134,object_detection,triton_t2_large_6,0,50,1349
226,object_detection,triton_g4dn_xlarge_3,0,15,1360
206,object_detection,triton_c5_2xlarge_1,0,38,1360
137,object_detection,triton_t2_large_7,0,35,1377
138,object_detection,triton_g4dn_xlarge_4,0,30,1383
139,object_detection,triton_g4dn_xlarge_1,0,35,1388
144,object_detection,triton_g4dn_xlarge_3,0,27,1391
140,object_detection,triton_t2_large_6,0,42,1396
141,object_detection,triton_c5_2xlarge_1,0,37,1402
145,object_detection,triton_g4dn_xlarge_4,0,22,1408
148,object_detection,triton_g4dn_xlarge_3,0,24,1421
146,object_detection,triton_t2_large_7,0,43,1429
156,object_detection,triton_g4dn_xlarge_1,0,40,1437
147,object_detection,triton_t2_large_6,0,44,1441
167,object_detection,triton_g4dn_xlarge_4,0,26,1445
198,object_detection,triton_g4dn_xlarge_3,0,19,1450
165,object_detection,triton_c5_2xlarge_1,0,43,1451
199,object_detection,triton_g4dn_xlarge_1,0,18,1459
192,object_detection,triton_t2_large_7,0,40,1470
202,object_detection,triton_g4dn_xlarge_3,0,36,1488
200,object_detection,triton_t2_large_6,0,38,1490
207,object_detection,triton_g4dn_xlarge_4,0,40,1492
201,object_detection,triton_c5_2xlarge_1,0,40,1492
210,object_detection,triton_g4dn_xlarge_1,0,32,1494
227,object_detection,triton_g4dn_xlarge_3,0,22,1517
229,object_detection,triton_g4dn_xlarge_4,0,24,1519
221,object_detection,triton_t2_large_7,0,49,1522
224,object_detection,triton_c5_2xlarge_1,0,33,1528
223,object_detection,triton_t2_large_6,0,41,1537
254,question_answering,triton_g4dn_xlarge_3,0,7,1547
255,question_answering,triton_g4dn_xlarge_4,0,7,1548
256,question_answering,triton_g4dn_xlarge_1,0,7,1548
257,question_answering,triton_g4dn_xlarge_3,0,3,1555
258,question_answering,triton_g4dn_xlarge_4,0,4,1555
259,question_answering,triton_g4dn_xlarge_1,0,4,1555
253,question_answering,triton_c5_2xlarge_1,0,18,1559
263,question_answering,triton_g4dn_xlarge_1,0,3,1566
262,question_answering,triton_g4dn_xlarge_4,0,4,1566
261,question_answering,triton_g4dn_xlarge_3,0,3,1566
260,question_answering,triton_c5_2xlarge_1,0,14,1576
266,question_answering,triton_g4dn_xlarge_1,0,4,1577
264,question_answering,triton_g4dn_xlarge_3,0,4,1577
265,question_answering,triton_g4dn_xlarge_4,0,4,1577
252,question_answering,triton_t2_large_6,0,41,1582
251,question_answering,triton_t2_large_7,0,42,1583
267,question_answering,triton_g4dn_xlarge_3,0,3,1587
456,question_answering,triton_c5_2xlarge_1,0,12,1588
268,question_answering,triton_g4dn_xlarge_4,0,4,1588
269,question_answering,triton_g4dn_xlarge_1,0,3,1588
275,question_answering,triton_g4dn_xlarge_1,0,4,1599
274,question_answering,triton_g4dn_xlarge_4,0,4,1599
273,question_answering,triton_g4dn_xlarge_3,0,3,1599
272,question_answering,triton_c5_2xlarge_1,0,13,1609
276,question_answering,triton_g4dn_xlarge_3,0,4,1610
277,question_answering,triton_g4dn_xlarge_4,0,4,1610
278,question_answering,triton_g4dn_xlarge_1,0,4,1610
271,question_answering,triton_t2_large_6,0,30,1614
270,question_answering,triton_t2_large_7,0,35,1620
279,question_answering,triton_g4dn_xlarge_3,0,4,1621
280,question_answering,triton_g4dn_xlarge_4,0,4,1621
281,question_answering,triton_g4dn_xlarge_1,0,4,1621
412,question_answering,triton_c5_2xlarge_1,0,12,1621
286,question_answering,triton_g4dn_xlarge_1,0,3,1632
284,question_answering,triton_g4dn_xlarge_3,0,3,1632
285,question_answering,triton_g4dn_xlarge_4,0,3,1632
283,question_answering,triton_c5_2xlarge_1,0,13,1642
287,question_answering,triton_g4dn_xlarge_3,0,3,1643
288,question_answering,triton_g4dn_xlarge_4,0,3,1643
289,question_answering,triton_g4dn_xlarge_1,0,3,1643
282,question_answering,triton_t2_large_6,0,30,1647
434,question_answering,triton_c5_2xlarge_1,0,13,1654
376,question_answering,triton_t2_large_7,0,35,1654
290,question_answering,triton_g4dn_xlarge_3,0,4,1654
292,question_answering,triton_g4dn_xlarge_1,0,4,1655
291,question_answering,triton_g4dn_xlarge_4,0,4,1655
295,question_answering,triton_g4dn_xlarge_3,0,4,1666
296,question_answering,triton_g4dn_xlarge_4,0,4,1666
297,question_answering,triton_g4dn_xlarge_1,0,4,1666
294,question_answering,triton_c5_2xlarge_1,0,14,1676
299,question_answering,triton_g4dn_xlarge_3,0,3,1677
300,question_answering,triton_g4dn_xlarge_4,0,4,1677
301,question_answering,triton_g4dn_xlarge_1,0,3,1677
293,question_answering,triton_t2_large_6,0,30,1681
491,question_answering,triton_c5_2xlarge_1,0,12,1688
302,question_answering,triton_g4dn_xlarge_3,0,3,1688
303,question_answering,triton_g4dn_xlarge_4,0,4,1689
304,question_answering,triton_g4dn_xlarge_1,0,4,1689
298,question_answering,triton_t2_large_7,0,36,1698
307,question_answering,triton_g4dn_xlarge_3,0,3,1699
309,question_answering,triton_g4dn_xlarge_1,0,3,1699
308,question_answering,triton_g4dn_xlarge_4,0,4,1700
306,question_answering,triton_c5_2xlarge_1,0,13,1709
310,question_answering,triton_g4dn_xlarge_3,0,3,1710
311,question_answering,triton_g4dn_xlarge_4,0,3,1710
312,question_answering,triton_g4dn_xlarge_1,0,3,1710
305,question_answering,triton_t2_large_6,0,30,1715
450,question_answering,triton_c5_2xlarge_1,0,12,1721
315,question_answering,triton_g4dn_xlarge_1,0,4,1722
314,question_answering,triton_g4dn_xlarge_4,0,4,1722
313,question_answering,triton_g4dn_xlarge_3,0,4,1722
440,question_answering,triton_t2_large_7,0,34,1732
318,question_answering,triton_g4dn_xlarge_3,0,4,1733
319,question_answering,triton_g4dn_xlarge_4,0,4,1733
320,question_answering,triton_g4dn_xlarge_1,0,4,1733
317,question_answering,triton_c5_2xlarge_1,0,14,1743
322,question_answering,triton_g4dn_xlarge_3,0,3,1744
323,question_answering,triton_g4dn_xlarge_4,0,4,1744
324,question_answering,triton_g4dn_xlarge_1,0,3,1744
316,question_answering,triton_t2_large_6,0,31,1749
500,question_answering,triton_c5_2xlarge_1,0,12,1755
325,question_answering,triton_g4dn_xlarge_3,0,4,1755
326,question_answering,triton_g4dn_xlarge_4,0,4,1755
327,question_answering,triton_g4dn_xlarge_1,0,3,1755
330,question_answering,triton_g4dn_xlarge_3,0,4,1766
332,question_answering,triton_g4dn_xlarge_1,0,4,1767
331,question_answering,triton_g4dn_xlarge_4,0,4,1767
321,question_answering,triton_t2_large_7,0,35,1776
329,question_answering,triton_c5_2xlarge_1,0,13,1776
335,question_answering,triton_g4dn_xlarge_1,0,3,1777
333,question_answering,triton_g4dn_xlarge_3,0,3,1777
334,question_answering,triton_g4dn_xlarge_4,0,4,1778
328,question_answering,triton_t2_large_6,0,30,1782
472,question_answering,triton_c5_2xlarge_1,0,12,1788
338,question_answering,triton_g4dn_xlarge_1,0,4,1789
337,question_answering,triton_g4dn_xlarge_4,0,4,1789
336,question_answering,triton_g4dn_xlarge_3,0,4,1789
341,question_answering,triton_g4dn_xlarge_3,0,3,1799
342,question_answering,triton_g4dn_xlarge_4,0,4,1800
343,question_answering,triton_g4dn_xlarge_1,0,3,1800
340,question_answering,triton_c5_2xlarge_1,0,13,1809
471,question_answering,triton_t2_large_7,0,34,1810
344,question_answering,triton_g4dn_xlarge_3,0,3,1810
345,question_answering,triton_g4dn_xlarge_4,0,3,1811
346,question_answering,triton_g4dn_xlarge_1,0,3,1811
339,question_answering,triton_t2_large_6,0,30,1815
350,question_answering,triton_g4dn_xlarge_3,0,4,1822
351,question_answering,triton_g4dn_xlarge_4,0,4,1823
352,question_answering,triton_g4dn_xlarge_1,0,4,1823
349,question_answering,triton_c5_2xlarge_1,0,14,1832
353,question_answering,triton_g4dn_xlarge_3,0,4,1834
354,question_answering,triton_g4dn_xlarge_4,0,4,1834
355,question_answering,triton_g4dn_xlarge_1,0,3,1834
357,question_answering,triton_g4dn_xlarge_3,0,4,1845
358,question_answering,triton_g4dn_xlarge_4,0,4,1845
359,question_answering,triton_g4dn_xlarge_1,0,4,1845
348,question_answering,triton_t2_large_6,0,30,1849
347,question_answering,triton_t2_large_7,0,35,1854
356,question_answering,triton_c5_2xlarge_1,0,13,1854
361,question_answering,triton_g4dn_xlarge_3,0,3,1855
363,question_answering,triton_g4dn_xlarge_1,0,3,1856
362,question_answering,triton_g4dn_xlarge_4,0,4,1856
365,question_answering,triton_g4dn_xlarge_3,0,3,1866
367,question_answering,triton_g4dn_xlarge_1,0,4,1867
366,question_answering,triton_g4dn_xlarge_4,0,4,1867
364,question_answering,triton_c5_2xlarge_1,0,13,1876
370,question_answering,triton_g4dn_xlarge_1,0,3,1877
368,question_answering,triton_g4dn_xlarge_3,0,3,1877
369,question_answering,triton_g4dn_xlarge_4,0,3,1877
360,question_answering,triton_t2_large_6,0,30,1882
466,question_answering,triton_t2_large_7,0,34,1888
373,question_answering,triton_g4dn_xlarge_3,0,3,1888
375,question_answering,triton_g4dn_xlarge_1,0,4,1889
374,question_answering,triton_g4dn_xlarge_4,0,4,1889
372,question_answering,triton_c5_2xlarge_1,0,13,1898
378,question_answering,triton_g4dn_xlarge_3,0,3,1899
380,question_answering,triton_g4dn_xlarge_1,0,3,1899
379,question_answering,triton_g4dn_xlarge_4,0,3,1900
382,question_answering,triton_g4dn_xlarge_3,0,3,1910
383,question_answering,triton_g4dn_xlarge_4,0,4,1911
384,question_answering,triton_g4dn_xlarge_1,0,3,1911
371,question_answering,triton_t2_large_6,0,30,1914
381,question_answering,triton_c5_2xlarge_1,0,13,1920
386,question_answering,triton_g4dn_xlarge_3,0,3,1921
387,question_answering,triton_g4dn_xlarge_4,0,3,1921
388,question_answering,triton_g4dn_xlarge_1,0,3,1921
377,question_answering,triton_t2_large_7,0,35,1930
390,question_answering,triton_g4dn_xlarge_3,0,3,1932
392,question_answering,triton_g4dn_xlarge_1,0,3,1932
391,question_answering,triton_g4dn_xlarge_4,0,4,1932
389,question_answering,triton_c5_2xlarge_1,0,13,1941
394,question_answering,triton_g4dn_xlarge_3,0,3,1943
396,question_answering,triton_g4dn_xlarge_1,0,3,1943
395,question_answering,triton_g4dn_xlarge_4,0,3,1943
385,question_answering,triton_t2_large_6,0,30,1947
401,question_answering,triton_g4dn_xlarge_1,0,3,1954
400,question_answering,triton_g4dn_xlarge_4,0,4,1954
399,question_answering,triton_g4dn_xlarge_3,0,3,1954
398,question_answering,triton_c5_2xlarge_1,0,13,1963
403,question_answering,triton_g4dn_xlarge_4,0,3,1965
404,question_answering,triton_g4dn_xlarge_1,0,3,1965
402,question_answering,triton_g4dn_xlarge_3,0,3,1965
393,question_answering,triton_t2_large_7,0,35,1974
406,question_answering,triton_g4dn_xlarge_3,0,3,1975
407,question_answering,triton_g4dn_xlarge_4,0,3,1976
408,question_answering,triton_g4dn_xlarge_1,0,3,1976
397,question_answering,triton_t2_large_6,0,30,1980
405,question_answering,triton_c5_2xlarge_1,0,13,1985
411,question_answering,triton_g4dn_xlarge_3,0,4,1988
414,question_answering,triton_g4dn_xlarge_1,0,4,1989
413,question_answering,triton_g4dn_xlarge_4,0,4,1989
416,question_answering,triton_g4dn_xlarge_3,0,3,1998
417,question_answering,triton_g4dn_xlarge_4,0,3,1999
418,question_answering,triton_g4dn_xlarge_1,0,3,1999
415,question_answering,triton_c5_2xlarge_1,0,12,2007
419,question_answering,triton_g4dn_xlarge_3,0,3,2009
420,question_answering,triton_g4dn_xlarge_4,0,3,2009
421,question_answering,triton_g4dn_xlarge_1,0,3,2009
410,question_answering,triton_t2_large_6,0,30,2015
409,question_answering,triton_t2_large_7,0,35,2019
424,question_answering,triton_g4dn_xlarge_3,0,3,2020
425,question_answering,triton_g4dn_xlarge_4,0,4,2021
426,question_answering,triton_g4dn_xlarge_1,0,3,2021
423,question_answering,triton_c5_2xlarge_1,0,12,2029
428,question_answering,triton_g4dn_xlarge_3,0,3,2031
429,question_answering,triton_g4dn_xlarge_4,0,3,2031
430,question_answering,triton_g4dn_xlarge_1,0,3,2031
432,question_answering,triton_g4dn_xlarge_3,0,3,2042
433,question_answering,triton_g4dn_xlarge_4,0,3,2042
435,question_answering,triton_g4dn_xlarge_1,0,3,2042
422,question_answering,triton_t2_large_6,0,30,2047
431,question_answering,triton_c5_2xlarge_1,0,13,2051
439,question_answering,triton_g4dn_xlarge_1,0,3,2053
437,question_answering,triton_g4dn_xlarge_3,0,3,2053
438,question_answering,triton_g4dn_xlarge_4,0,4,2054
427,question_answering,triton_t2_large_7,0,34,2062
442,question_answering,triton_g4dn_xlarge_3,0,3,2064
443,question_answering,triton_g4dn_xlarge_4,0,3,2064
444,question_answering,triton_g4dn_xlarge_1,0,3,2064
441,question_answering,triton_c5_2xlarge_1,0,12,2073
447,question_answering,triton_g4dn_xlarge_4,0,6,2077
446,question_answering,triton_g4dn_xlarge_3,0,6,2077
448,question_answering,triton_g4dn_xlarge_1,0,5,2077
436,question_answering,triton_t2_large_6,0,29,2079
453,question_answering,triton_g4dn_xlarge_4,0,3,2086
454,question_answering,triton_g4dn_xlarge_1,0,3,2086
452,question_answering,triton_g4dn_xlarge_3,0,3,2086
451,question_answering,triton_c5_2xlarge_1,0,12,2095
455,question_answering,triton_g4dn_xlarge_3,0,3,2096
457,question_answering,triton_g4dn_xlarge_4,0,3,2097
458,question_answering,triton_g4dn_xlarge_1,0,3,2097
445,question_answering,triton_t2_large_7,0,35,2106
460,question_answering,triton_g4dn_xlarge_3,0,3,2108
462,question_answering,triton_g4dn_xlarge_1,0,3,2109
461,question_answering,triton_g4dn_xlarge_4,0,4,2109
449,question_answering,triton_t2_large_6,0,30,2112
459,question_answering,triton_c5_2xlarge_1,0,12,2117
465,question_answering,triton_g4dn_xlarge_3,0,3,2119
467,question_answering,triton_g4dn_xlarge_4,0,3,2119
468,question_answering,triton_g4dn_xlarge_1,0,3,2119
470,question_answering,triton_g4dn_xlarge_3,0,3,2130
473,question_answering,triton_g4dn_xlarge_4,0,3,2130
474,question_answering,triton_g4dn_xlarge_1,0,3,2130
469,question_answering,triton_c5_2xlarge_1,0,12,2138
475,question_answering,triton_g4dn_xlarge_3,0,3,2140
476,question_answering,triton_g4dn_xlarge_4,0,3,2141
477,question_answering,triton_g4dn_xlarge_1,0,3,2141
464,question_answering,triton_t2_large_6,0,30,2145
463,question_answering,triton_t2_large_7,0,34,2150
480,question_answering,triton_g4dn_xlarge_3,0,3,2152
481,question_answering,triton_g4dn_xlarge_4,0,4,2152
482,question_answering,triton_g4dn_xlarge_1,0,3,2152
479,question_answering,triton_c5_2xlarge_1,0,12,2160
484,question_answering,triton_g4dn_xlarge_3,0,3,2162
485,question_answering,triton_g4dn_xlarge_4,0,3,2163
486,question_answering,triton_g4dn_xlarge_1,0,3,2163
488,question_answering,triton_g4dn_xlarge_3,0,3,2174
490,question_answering,triton_g4dn_xlarge_1,0,3,2175
489,question_answering,triton_g4dn_xlarge_4,0,3,2175
478,question_answering,triton_t2_large_6,0,30,2178
487,question_answering,triton_c5_2xlarge_1,0,12,2183
493,question_answering,triton_g4dn_xlarge_3,0,3,2185
494,question_answering,triton_g4dn_xlarge_4,0,3,2186
495,question_answering,triton_g4dn_xlarge_1,0,3,2186
483,question_answering,triton_t2_large_7,0,34,2193
497,question_answering,triton_g4dn_xlarge_3,0,3,2196
498,question_answering,triton_g4dn_xlarge_4,0,3,2197
499,question_answering,triton_g4dn_xlarge_1,0,3,2197
496,question_answering,triton_c5_2xlarge_1,0,18,2211
492,question_answering,triton_t2_large_6,0,30,2212
506,image_classification,triton_g4dn_xlarge_1,0,35,2251
505,image_classification,triton_g4dn_xlarge_4,0,36,2252
504,image_classification,triton_g4dn_xlarge_3,0,38,2253
507,image_classification,triton_g4dn_xlarge_3,0,12,2271
508,image_classification,triton_g4dn_xlarge_4,0,12,2271
509,image_classification,triton_g4dn_xlarge_1,0,11,2271
503,image_classification,triton_c5_2xlarge_1,0,60,2275
585,image_classification,triton_g4dn_xlarge_1,0,10,2283
583,image_classification,triton_g4dn_xlarge_3,0,12,2284
584,image_classification,triton_g4dn_xlarge_4,0,12,2284
586,image_classification,triton_g4dn_xlarge_1,0,8,2290
674,image_classification,triton_g4dn_xlarge_4,0,10,2296
673,image_classification,triton_g4dn_xlarge_3,0,12,2297
511,image_classification,triton_g4dn_xlarge_1,0,10,2301
502,image_classification,triton_t2_large_6,0,89,2305
681,image_classification,triton_g4dn_xlarge_4,0,10,2306
510,image_classification,triton_c5_2xlarge_1,0,35,2315
512,image_classification,triton_g4dn_xlarge_1,0,13,2316
501,image_classification,triton_t2_large_7,0,100,2316
513,image_classification,triton_g4dn_xlarge_3,0,20,2323
634,image_classification,triton_g4dn_xlarge_1,0,13,2330
676,image_classification,triton_g4dn_xlarge_4,0,25,2331
514,image_classification,triton_g4dn_xlarge_3,0,14,2339
515,image_classification,triton_g4dn_xlarge_4,0,11,2347
516,image_classification,triton_g4dn_xlarge_1,0,11,2347
623,image_classification,triton_c5_2xlarge_1,0,34,2349
658,image_classification,triton_g4dn_xlarge_3,0,13,2352
589,image_classification,triton_g4dn_xlarge_1,0,13,2362
588,image_classification,triton_g4dn_xlarge_4,0,14,2362
517,image_classification,triton_g4dn_xlarge_3,0,13,2371
587,image_classification,triton_t2_large_6,0,76,2380
656,image_classification,triton_c5_2xlarge_1,0,32,2382
717,image_classification,triton_g4dn_xlarge_1,0,23,2385
716,image_classification,triton_g4dn_xlarge_4,0,24,2387
659,image_classification,triton_g4dn_xlarge_3,0,14,2387
635,image_classification,triton_t2_large_7,0,79,2396
520,image_classification,triton_g4dn_xlarge_1,0,10,2400
518,image_classification,triton_g4dn_xlarge_3,0,10,2400
519,image_classification,triton_g4dn_xlarge_4,0,13,2403
660,image_classification,triton_c5_2xlarge_1,0,27,2410
523,image_classification,triton_g4dn_xlarge_1,0,14,2414
522,image_classification,triton_g4dn_xlarge_3,0,18,2418
598,image_classification,triton_g4dn_xlarge_4,0,16,2419
648,image_classification,triton_g4dn_xlarge_1,0,17,2431
525,image_classification,triton_g4dn_xlarge_3,0,16,2439
524,image_classification,triton_c5_2xlarge_1,0,27,2440
526,image_classification,triton_g4dn_xlarge_4,0,18,2441
527,image_classification,triton_g4dn_xlarge_1,0,8,2442
657,image_classification,triton_t2_large_6,0,67,2448
531,image_classification,triton_g4dn_xlarge_1,0,10,2455
529,image_classification,triton_g4dn_xlarge_3,0,14,2459
530,image_classification,triton_g4dn_xlarge_4,0,16,2462
532,image_classification,triton_g4dn_xlarge_1,0,9,2466
662,image_classification,triton_g4dn_xlarge_3,0,10,2470
521,image_classification,triton_t2_large_7,0,72,2472
528,image_classification,triton_c5_2xlarge_1,0,30,2475
534,image_classification,triton_g4dn_xlarge_1,0,9,2476
533,image_classification,triton_g4dn_xlarge_4,0,12,2479
536,image_classification,triton_g4dn_xlarge_1,0,18,2496
663,image_classification,triton_g4dn_xlarge_3,0,26,2498
568,image_classification,triton_g4dn_xlarge_4,0,20,2500
537,image_classification,triton_g4dn_xlarge_1,0,8,2507
538,image_classification,triton_g4dn_xlarge_3,0,12,2511
569,image_classification,triton_g4dn_xlarge_4,0,11,2512
535,image_classification,triton_c5_2xlarge_1,0,35,2513
539,image_classification,triton_g4dn_xlarge_1,0,7,2517
661,image_classification,triton_t2_large_6,0,69,2519
570,image_classification,triton_g4dn_xlarge_3,0,12,2524
608,image_classification,triton_g4dn_xlarge_4,0,13,2526
540,image_classification,triton_g4dn_xlarge_1,0,14,2535
617,image_classification,triton_g4dn_xlarge_3,0,17,2541
704,image_classification,triton_g4dn_xlarge_4,0,19,2546
741,image_classification,triton_t2_large_7,0,73,2546
664,image_classification,triton_g4dn_xlarge_1,0,13,2549
542,image_classification,triton_g4dn_xlarge_3,0,12,2554
665,image_classification,triton_g4dn_xlarge_4,0,14,2561
616,image_classification,triton_c5_2xlarge_1,0,49,2562
543,image_classification,triton_g4dn_xlarge_1,0,19,2571
565,image_classification,triton_g4dn_xlarge_3,0,33,2588
546,image_classification,triton_g4dn_xlarge_1,0,21,2595
544,image_classification,triton_g4dn_xlarge_4,0,35,2598
652,image_classification,triton_g4dn_xlarge_3,0,11,2599
541,image_classification,triton_t2_large_6,0,81,2602
550,image_classification,triton_g4dn_xlarge_1,0,8,2603
627,image_classification,triton_g4dn_xlarge_4,0,11,2609
667,image_classification,triton_g4dn_xlarge_3,0,9,2610
545,image_classification,triton_c5_2xlarge_1,0,56,2619
547,image_classification,triton_g4dn_xlarge_1,0,14,2620
668,image_classification,triton_g4dn_xlarge_3,0,12,2623
666,image_classification,triton_t2_large_7,0,76,2624
628,image_classification,triton_g4dn_xlarge_4,0,16,2625
669,image_classification,triton_g4dn_xlarge_1,0,9,2630
552,image_classification,triton_g4dn_xlarge_4,0,17,2645
551,image_classification,triton_g4dn_xlarge_3,0,18,2646
670,image_classification,triton_g4dn_xlarge_1,0,15,2648
649,image_classification,triton_c5_2xlarge_1,0,34,2654
553,image_classification,triton_g4dn_xlarge_3,0,10,2659
555,image_classification,triton_g4dn_xlarge_1,0,11,2660
554,image_classification,triton_g4dn_xlarge_4,0,12,2661
556,image_classification,triton_g4dn_xlarge_3,0,11,2670
566,image_classification,triton_g4dn_xlarge_1,0,14,2675
572,image_classification,triton_g4dn_xlarge_4,0,17,2678
567,image_classification,triton_g4dn_xlarge_3,0,10,2681
548,image_classification,triton_t2_large_6,0,75,2681
713,image_classification,triton_g4dn_xlarge_1,0,9,2686
712,image_classification,triton_c5_2xlarge_1,0,34,2689
557,image_classification,triton_g4dn_xlarge_4,0,15,2695
549,image_classification,triton_t2_large_7,0,71,2699
573,image_classification,triton_g4dn_xlarge_3,0,21,2704
714,image_classification,triton_g4dn_xlarge_1,0,17,2705
671,image_classification,triton_g4dn_xlarge_4,0,15,2712
672,image_classification,triton_g4dn_xlarge_1,0,17,2724
560,image_classification,triton_g4dn_xlarge_4,0,15,2727
574,image_classification,triton_g4dn_xlarge_3,0,23,2727
558,image_classification,triton_c5_2xlarge_1,0,37,2728
575,image_classification,triton_g4dn_xlarge_1,0,8,2733
678,image_classification,triton_g4dn_xlarge_4,0,11,2740
677,image_classification,triton_g4dn_xlarge_3,0,16,2745
561,image_classification,triton_g4dn_xlarge_1,0,13,2747
715,image_classification,triton_g4dn_xlarge_4,0,11,2753
571,image_classification,triton_t2_large_6,0,77,2759
578,image_classification,triton_g4dn_xlarge_1,0,12,2759
576,image_classification,triton_g4dn_xlarge_3,0,14,2761
562,image_classification,triton_g4dn_xlarge_4,0,9,2765
675,image_classification,triton_c5_2xlarge_1,0,36,2765
679,image_classification,triton_g4dn_xlarge_1,0,12,2773
559,image_classification,triton_t2_large_7,0,76,2777
682,image_classification,triton_g4dn_xlarge_3,0,17,2779
563,image_classification,triton_g4dn_xlarge_4,0,18,2784
718,image_classification,triton_g4dn_xlarge_1,0,19,2794
582,image_classification,triton_g4dn_xlarge_3,0,20,2801
719,image_classification,triton_g4dn_xlarge_4,0,15,2801
720,image_classification,triton_g4dn_xlarge_1,0,9,2806
591,image_classification,triton_g4dn_xlarge_4,0,12,2815
590,image_classification,triton_g4dn_xlarge_3,0,14,2816
721,image_classification,triton_g4dn_xlarge_1,0,12,2820
564,image_classification,triton_c5_2xlarge_1,0,61,2827
722,image_classification,triton_g4dn_xlarge_3,0,18,2837
723,image_classification,triton_g4dn_xlarge_4,0,18,2837
579,image_classification,triton_g4dn_xlarge_1,0,16,2837
680,image_classification,triton_t2_large_6,0,76,2838
725,image_classification,triton_g4dn_xlarge_3,0,11,2852
726,image_classification,triton_g4dn_xlarge_4,0,13,2853
727,image_classification,triton_g4dn_xlarge_1,0,12,2853
577,image_classification,triton_t2_large_7,0,75,2854
724,image_classification,triton_c5_2xlarge_1,0,37,2866
580,image_classification,triton_g4dn_xlarge_3,0,19,2871
593,image_classification,triton_g4dn_xlarge_1,0,19,2875
592,image_classification,triton_g4dn_xlarge_4,0,19,2875
729,image_classification,triton_g4dn_xlarge_3,0,12,2885
595,image_classification,triton_g4dn_xlarge_4,0,19,2896
596,image_classification,triton_g4dn_xlarge_1,0,23,2900
581,image_classification,triton_g4dn_xlarge_3,0,16,2901
597,image_classification,triton_g4dn_xlarge_4,0,11,2910
695,image_classification,triton_g4dn_xlarge_1,0,11,2911
636,image_classification,triton_c5_2xlarge_1,0,44,2912
730,image_classification,triton_g4dn_xlarge_3,0,11,2916
647,image_classification,triton_g4dn_xlarge_4,0,10,2921
731,image_classification,triton_g4dn_xlarge_1,0,14,2929
728,image_classification,triton_t2_large_6,0,94,2935
599,image_classification,triton_g4dn_xlarge_3,0,23,2944
650,image_classification,triton_g4dn_xlarge_4,0,22,2944
594,image_classification,triton_t2_large_7,0,88,2944
600,image_classification,triton_g4dn_xlarge_1,0,20,2950
735,image_classification,triton_g4dn_xlarge_4,0,15,2963
732,image_classification,triton_c5_2xlarge_1,0,48,2964
734,image_classification,triton_g4dn_xlarge_3,0,18,2966
601,image_classification,triton_g4dn_xlarge_1,0,20,2972
633,image_classification,triton_g4dn_xlarge_4,0,15,2978
737,image_classification,triton_g4dn_xlarge_3,0,19,2989
602,image_classification,triton_g4dn_xlarge_1,0,20,2994
738,image_classification,triton_g4dn_xlarge_4,0,16,2996
739,image_classification,triton_g4dn_xlarge_3,0,8,3000
653,image_classification,triton_c5_2xlarge_1,0,35,3000
603,image_classification,triton_g4dn_xlarge_1,0,13,3008
733,image_classification,triton_t2_large_6,0,73,3010
654,image_classification,triton_g4dn_xlarge_4,0,18,3014
742,image_classification,triton_g4dn_xlarge_3,0,15,3017
736,image_classification,triton_t2_large_7,0,79,3027
743,image_classification,triton_g4dn_xlarge_1,0,19,3032
604,image_classification,triton_g4dn_xlarge_4,0,23,3039
701,image_classification,triton_g4dn_xlarge_3,0,23,3040
740,image_classification,triton_c5_2xlarge_1,0,40,3042
745,image_classification,triton_g4dn_xlarge_1,0,15,3049
747,image_classification,triton_g4dn_xlarge_3,0,14,3059
748,image_classification,triton_g4dn_xlarge_4,0,18,3063
749,image_classification,triton_g4dn_xlarge_1,0,19,3074
605,image_classification,triton_g4dn_xlarge_3,0,17,3076
750,image_classification,triton_g4dn_xlarge_4,0,13,3079
746,image_classification,triton_c5_2xlarge_1,0,35,3080
606,image_classification,triton_g4dn_xlarge_1,0,13,3094
609,image_classification,triton_g4dn_xlarge_3,0,14,3095
610,image_classification,triton_g4dn_xlarge_4,0,15,3096
744,image_classification,triton_t2_large_6,0,87,3099
655,image_classification,triton_t2_large_7,0,82,3109
607,image_classification,triton_c5_2xlarge_1,0,31,3112
611,image_classification,triton_g4dn_xlarge_1,0,13,3116
613,image_classification,triton_g4dn_xlarge_3,0,14,3117
614,image_classification,triton_g4dn_xlarge_4,0,14,3117
620,image_classification,triton_g4dn_xlarge_4,0,15,3139
619,image_classification,triton_g4dn_xlarge_3,0,16,3140
618,image_classification,triton_c5_2xlarge_1,0,28,3142
621,image_classification,triton_g4dn_xlarge_1,0,19,3143
624,image_classification,triton_g4dn_xlarge_3,0,12,3159
625,image_classification,triton_g4dn_xlarge_4,0,13,3160
626,image_classification,triton_g4dn_xlarge_1,0,14,3161
612,image_classification,triton_t2_large_6,0,73,3176
622,image_classification,triton_c5_2xlarge_1,0,29,3176
629,image_classification,triton_g4dn_xlarge_3,0,10,3178
630,image_classification,triton_g4dn_xlarge_4,0,13,3182
631,image_classification,triton_g4dn_xlarge_1,0,13,3182
615,image_classification,triton_t2_large_7,0,72,3185
638,image_classification,triton_g4dn_xlarge_3,0,11,3191
639,image_classification,triton_g4dn_xlarge_4,0,13,3203
637,image_classification,triton_c5_2xlarge_1,0,27,3206
640,image_classification,triton_g4dn_xlarge_1,0,17,3207
699,image_classification,triton_g4dn_xlarge_3,0,18,3210
643,image_classification,triton_g4dn_xlarge_1,0,16,3228
642,image_classification,triton_g4dn_xlarge_4,0,17,3228
645,image_classification,triton_g4dn_xlarge_3,0,20,3231
644,image_classification,triton_c5_2xlarge_1,0,32,3243
651,image_classification,triton_g4dn_xlarge_1,0,12,3246
646,image_classification,triton_g4dn_xlarge_4,0,12,3247
683,image_classification,triton_g4dn_xlarge_3,0,12,3247
632,image_classification,triton_t2_large_6,0,70,3249
685,image_classification,triton_g4dn_xlarge_3,0,12,3268
687,image_classification,triton_g4dn_xlarge_1,0,12,3269
684,image_classification,triton_c5_2xlarge_1,0,24,3270
686,image_classification,triton_g4dn_xlarge_4,0,13,3270
641,image_classification,triton_t2_large_7,0,82,3272
690,image_classification,triton_g4dn_xlarge_3,0,13,3292
692,image_classification,triton_g4dn_xlarge_1,0,14,3293
691,image_classification,triton_g4dn_xlarge_4,0,15,3294
689,image_classification,triton_c5_2xlarge_1,0,29,3307
694,image_classification,triton_g4dn_xlarge_3,0,11,3311
697,image_classification,triton_g4dn_xlarge_1,0,11,3311
696,image_classification,triton_g4dn_xlarge_4,0,12,3312
688,image_classification,triton_t2_large_6,0,73,3329
700,image_classification,triton_g4dn_xlarge_3,0,10,3332
703,image_classification,triton_g4dn_xlarge_1,0,11,3333
698,image_classification,triton_c5_2xlarge_1,0,24,3334
702,image_classification,triton_g4dn_xlarge_4,0,12,3334
706,image_classification,triton_g4dn_xlarge_3,0,9,3342
708,image_classification,triton_g4dn_xlarge_1,0,11,3355
707,image_classification,triton_g4dn_xlarge_4,0,13,3356
693,image_classification,triton_t2_large_7,0,77,3356
710,image_classification,triton_g4dn_xlarge_3,0,15,3359
709,image_classification,triton_c5_2xlarge_1,0,28,3372
711,image_classification,triton_g4dn_xlarge_4,0,9,3375
705,image_classification,triton_t2_large_6,0,69,3402
755,speech_recognition,triton_g4dn_xlarge_4,0,32,3438
756,speech_recognition,triton_g4dn_xlarge_1,0,32,3438
754,speech_recognition,triton_g4dn_xlarge_3,0,43,3449
758,speech_recognition,triton_g4dn_xlarge_1,0,20,3462
757,speech_recognition,triton_g4dn_xlarge_4,0,21,3462
759,speech_recognition,triton_g4dn_xlarge_3,0,21,3475
761,speech_recognition,triton_g4dn_xlarge_1,0,21,3485
760,speech_recognition,triton_g4dn_xlarge_4,0,24,3488
762,speech_recognition,triton_g4dn_xlarge_3,0,22,3498
763,speech_recognition,triton_g4dn_xlarge_1,0,21,3508
856,speech_recognition,triton_g4dn_xlarge_4,0,22,3511
811,speech_recognition,triton_g4dn_xlarge_3,0,23,3521
764,speech_recognition,triton_g4dn_xlarge_1,0,23,3530
765,speech_recognition,triton_g4dn_xlarge_4,0,23,3542
913,speech_recognition,triton_g4dn_xlarge_3,0,27,3548
844,speech_recognition,triton_g4dn_xlarge_1,0,24,3554
850,speech_recognition,triton_g4dn_xlarge_4,0,23,3564
766,speech_recognition,triton_g4dn_xlarge_3,0,22,3573
767,speech_recognition,triton_g4dn_xlarge_1,0,23,3586
901,speech_recognition,triton_g4dn_xlarge_4,0,23,3587
818,speech_recognition,triton_g4dn_xlarge_3,0,23,3597
941,speech_recognition,triton_g4dn_xlarge_1,0,22,3608
768,speech_recognition,triton_g4dn_xlarge_4,0,22,3616
942,speech_recognition,triton_g4dn_xlarge_3,0,24,3620
982,speech_recognition,triton_g4dn_xlarge_1,0,21,3630
800,speech_recognition,triton_g4dn_xlarge_4,0,23,3641
769,speech_recognition,triton_g4dn_xlarge_3,0,22,3647
930,speech_recognition,triton_g4dn_xlarge_1,0,23,3653
906,speech_recognition,triton_g4dn_xlarge_4,0,20,3661
801,speech_recognition,triton_g4dn_xlarge_3,0,23,3674
770,speech_recognition,triton_g4dn_xlarge_1,0,23,3681
802,speech_recognition,triton_g4dn_xlarge_4,0,20,3681
771,speech_recognition,triton_g4dn_xlarge_3,0,21,3701
803,speech_recognition,triton_g4dn_xlarge_4,0,23,3705
804,speech_recognition,triton_g4dn_xlarge_1,0,25,3708
753,speech_recognition,triton_c5_2xlarge_1,0,316,3722
805,speech_recognition,triton_g4dn_xlarge_3,0,21,3726
870,speech_recognition,triton_g4dn_xlarge_4,0,24,3730
772,speech_recognition,triton_g4dn_xlarge_1,0,21,3731
807,speech_recognition,triton_g4dn_xlarge_3,0,23,3749
773,speech_recognition,triton_g4dn_xlarge_4,0,22,3755
774,speech_recognition,triton_g4dn_xlarge_1,0,23,3756
846,speech_recognition,triton_g4dn_xlarge_3,0,24,3773
808,speech_recognition,triton_g4dn_xlarge_4,0,21,3779
809,speech_recognition,triton_g4dn_xlarge_1,0,23,3781
939,speech_recognition,triton_g4dn_xlarge_3,0,23,3797
820,speech_recognition,triton_g4dn_xlarge_4,0,21,3801
862,speech_recognition,triton_g4dn_xlarge_1,0,22,3803
775,speech_recognition,triton_g4dn_xlarge_3,0,23,3821
824,speech_recognition,triton_g4dn_xlarge_4,0,21,3822
890,speech_recognition,triton_g4dn_xlarge_1,0,23,3827
810,speech_recognition,triton_g4dn_xlarge_3,0,22,3844
827,speech_recognition,triton_g4dn_xlarge_4,0,21,3844
962,speech_recognition,triton_g4dn_xlarge_1,0,22,3850
831,speech_recognition,triton_g4dn_xlarge_3,0,22,3867
832,speech_recognition,triton_g4dn_xlarge_4,0,23,3867
776,speech_recognition,triton_g4dn_xlarge_1,0,21,3873
863,speech_recognition,triton_g4dn_xlarge_3,0,23,3892
864,speech_recognition,triton_g4dn_xlarge_4,0,25,3894
812,speech_recognition,triton_g4dn_xlarge_1,0,22,3897
891,speech_recognition,triton_g4dn_xlarge_3,0,23,3916
963,speech_recognition,triton_g4dn_xlarge_4,0,23,3917
833,speech_recognition,triton_g4dn_xlarge_1,0,23,3920
997,speech_recognition,triton_g4dn_xlarge_3,0,23,3939
813,speech_recognition,triton_g4dn_xlarge_4,0,22,3940
865,speech_recognition,triton_g4dn_xlarge_1,0,23,3944
814,speech_recognition,triton_g4dn_xlarge_3,0,22,3962
866,speech_recognition,triton_g4dn_xlarge_4,0,21,3964
892,speech_recognition,triton_g4dn_xlarge_1,0,22,3970
752,speech_recognition,triton_t2_large_6,0,574,3980
868,speech_recognition,triton_g4dn_xlarge_4,0,21,3986
867,speech_recognition,triton_g4dn_xlarge_3,0,22,3987
815,speech_recognition,triton_g4dn_xlarge_1,0,21,3992
751,speech_recognition,triton_t2_large_7,0,590,3995
893,speech_recognition,triton_g4dn_xlarge_3,0,22,4012
894,speech_recognition,triton_g4dn_xlarge_4,0,23,4013
816,speech_recognition,triton_g4dn_xlarge_1,0,21,4015
806,speech_recognition,triton_c5_2xlarge_1,0,294,4020
985,speech_recognition,triton_g4dn_xlarge_4,0,22,4036
929,speech_recognition,triton_g4dn_xlarge_3,0,23,4036
871,speech_recognition,triton_g4dn_xlarge_1,0,22,4040
819,speech_recognition,triton_g4dn_xlarge_4,0,22,4058
817,speech_recognition,triton_g4dn_xlarge_3,0,23,4059
896,speech_recognition,triton_g4dn_xlarge_1,0,22,4066
873,speech_recognition,triton_g4dn_xlarge_4,0,22,4082
872,speech_recognition,triton_g4dn_xlarge_3,0,23,4083
947,speech_recognition,triton_g4dn_xlarge_1,0,22,4089
898,speech_recognition,triton_g4dn_xlarge_4,0,21,4108
897,speech_recognition,triton_g4dn_xlarge_3,0,22,4109
830,speech_recognition,triton_g4dn_xlarge_1,0,21,4113
899,speech_recognition,triton_g4dn_xlarge_4,0,21,4129
945,speech_recognition,triton_g4dn_xlarge_3,0,21,4130
874,speech_recognition,triton_g4dn_xlarge_1,0,20,4134
900,speech_recognition,triton_g4dn_xlarge_4,0,23,4152
948,speech_recognition,triton_g4dn_xlarge_3,0,23,4155
875,speech_recognition,triton_g4dn_xlarge_1,0,21,4156
949,speech_recognition,triton_g4dn_xlarge_4,0,24,4178
876,speech_recognition,triton_g4dn_xlarge_3,0,23,4179
902,speech_recognition,triton_g4dn_xlarge_1,0,23,4183
903,speech_recognition,triton_g4dn_xlarge_3,0,23,4207
904,speech_recognition,triton_g4dn_xlarge_4,0,23,4207
905,speech_recognition,triton_g4dn_xlarge_1,0,24,4208
951,speech_recognition,triton_g4dn_xlarge_4,0,22,4229
950,speech_recognition,triton_g4dn_xlarge_3,0,22,4229
952,speech_recognition,triton_g4dn_xlarge_1,0,24,4232
953,speech_recognition,triton_g4dn_xlarge_3,0,22,4253
954,speech_recognition,triton_g4dn_xlarge_4,0,23,4254
907,speech_recognition,triton_g4dn_xlarge_1,0,20,4258
794,speech_recognition,triton_g4dn_xlarge_3,0,23,4276
908,speech_recognition,triton_g4dn_xlarge_4,0,22,4282
909,speech_recognition,triton_g4dn_xlarge_1,0,28,4287
955,speech_recognition,triton_g4dn_xlarge_4,0,22,4307
910,speech_recognition,triton_g4dn_xlarge_3,0,29,4309
911,speech_recognition,triton_g4dn_xlarge_1,0,23,4314
895,speech_recognition,triton_c5_2xlarge_1,0,295,4318
780,speech_recognition,triton_g4dn_xlarge_4,0,21,4328
912,speech_recognition,triton_g4dn_xlarge_3,0,22,4335
956,speech_recognition,triton_g4dn_xlarge_1,0,21,4339
777,speech_recognition,triton_g4dn_xlarge_4,0,21,4349
1000,speech_recognition,triton_g4dn_xlarge_1,0,22,4361
957,speech_recognition,triton_g4dn_xlarge_3,0,26,4364
972,speech_recognition,triton_g4dn_xlarge_4,0,21,4369
822,speech_recognition,triton_g4dn_xlarge_1,0,23,4386
914,speech_recognition,triton_g4dn_xlarge_3,0,23,4390
973,speech_recognition,triton_g4dn_xlarge_4,0,21,4392
915,speech_recognition,triton_g4dn_xlarge_1,0,22,4411
958,speech_recognition,triton_g4dn_xlarge_3,0,22,4412
823,speech_recognition,triton_g4dn_xlarge_4,0,23,4418
960,speech_recognition,triton_g4dn_xlarge_1,0,22,4433
974,speech_recognition,triton_g4dn_xlarge_3,0,23,4436
916,speech_recognition,triton_g4dn_xlarge_4,0,22,4443
975,speech_recognition,triton_g4dn_xlarge_1,0,22,4457
825,speech_recognition,triton_g4dn_xlarge_3,0,23,4461
965,speech_recognition,triton_g4dn_xlarge_4,0,21,4465
826,speech_recognition,triton_g4dn_xlarge_1,0,21,4481
917,speech_recognition,triton_g4dn_xlarge_3,0,23,4485
976,speech_recognition,triton_g4dn_xlarge_4,0,21,4489
918,speech_recognition,triton_g4dn_xlarge_1,0,22,4506
966,speech_recognition,triton_g4dn_xlarge_3,0,22,4509
977,speech_recognition,triton_g4dn_xlarge_4,0,20,4511
967,speech_recognition,triton_g4dn_xlarge_1,0,22,4530
979,speech_recognition,triton_g4dn_xlarge_4,0,22,4535
978,speech_recognition,triton_g4dn_xlarge_3,0,23,4536
927,speech_recognition,triton_t2_large_6,0,566,4546
980,speech_recognition,triton_g4dn_xlarge_1,0,22,4556
843,speech_recognition,triton_g4dn_xlarge_4,0,22,4557
919,speech_recognition,triton_g4dn_xlarge_3,0,21,4558
882,speech_recognition,triton_g4dn_xlarge_1,0,22,4578
869,speech_recognition,triton_t2_large_7,0,582,4579
921,speech_recognition,triton_g4dn_xlarge_4,0,23,4581
968,speech_recognition,triton_g4dn_xlarge_3,0,23,4583
922,speech_recognition,triton_g4dn_xlarge_1,0,21,4601
969,speech_recognition,triton_g4dn_xlarge_4,0,22,4605
981,speech_recognition,triton_g4dn_xlarge_3,0,23,4611
781,speech_recognition,triton_c5_2xlarge_1,0,295,4613
970,speech_recognition,triton_g4dn_xlarge_1,0,21,4624
983,speech_recognition,triton_g4dn_xlarge_4,0,22,4631
924,speech_recognition,triton_g4dn_xlarge_3,0,22,4634
925,speech_recognition,triton_g4dn_xlarge_4,0,20,4654
984,speech_recognition,triton_g4dn_xlarge_1,0,23,4654
986,speech_recognition,triton_g4dn_xlarge_3,0,22,4663
926,speech_recognition,triton_g4dn_xlarge_4,0,21,4676
928,speech_recognition,triton_g4dn_xlarge_1,0,22,4678
931,speech_recognition,triton_g4dn_xlarge_3,0,22,4688
932,speech_recognition,triton_g4dn_xlarge_4,0,22,4699
987,speech_recognition,triton_g4dn_xlarge_1,0,21,4705
988,speech_recognition,triton_g4dn_xlarge_3,0,21,4717
989,speech_recognition,triton_g4dn_xlarge_4,0,23,4729
990,speech_recognition,triton_g4dn_xlarge_1,0,23,4729
991,speech_recognition,triton_g4dn_xlarge_3,0,20,4737
933,speech_recognition,triton_g4dn_xlarge_4,0,22,4752
934,speech_recognition,triton_g4dn_xlarge_1,0,23,4754
992,speech_recognition,triton_g4dn_xlarge_3,0,22,4759
993,speech_recognition,triton_g4dn_xlarge_4,0,20,4778
994,speech_recognition,triton_g4dn_xlarge_1,0,22,4780
995,speech_recognition,triton_g4dn_xlarge_3,0,23,4784
998,speech_recognition,triton_g4dn_xlarge_1,0,21,4804
996,speech_recognition,triton_g4dn_xlarge_4,0,23,4805
935,speech_recognition,triton_g4dn_xlarge_3,0,23,4808
999,speech_recognition,triton_g4dn_xlarge_1,0,21,4825
877,speech_recognition,triton_g4dn_xlarge_4,0,22,4827
971,speech_recognition,triton_c5_2xlarge_1,0,215,4829
778,speech_recognition,triton_g4dn_xlarge_3,0,22,4836
790,speech_recognition,triton_g4dn_xlarge_1,0,22,4846
782,speech_recognition,triton_g4dn_xlarge_4,0,21,4856
936,speech_recognition,triton_g4dn_xlarge_3,0,21,4859
849,speech_recognition,triton_g4dn_xlarge_1,0,23,4869
791,speech_recognition,triton_g4dn_xlarge_4,0,20,4877
783,speech_recognition,triton_g4dn_xlarge_3,0,21,4887
937,speech_recognition,triton_g4dn_xlarge_1,0,23,4892
792,speech_recognition,triton_g4dn_xlarge_4,0,21,4900
793,speech_recognition,triton_g4dn_xlarge_3,0,22,4912
784,speech_recognition,triton_g4dn_xlarge_1,0,23,4920
858,speech_recognition,triton_g4dn_xlarge_4,0,23,4923
785,speech_recognition,triton_g4dn_xlarge_3,0,21,4940
795,speech_recognition,triton_g4dn_xlarge_1,0,22,4944
786,speech_recognition,triton_g4dn_xlarge_4,0,22,4952
796,speech_recognition,triton_g4dn_xlarge_3,0,21,4964
787,speech_recognition,triton_g4dn_xlarge_1,0,21,4971
797,speech_recognition,triton_g4dn_xlarge_4,0,21,4975
798,speech_recognition,triton_g4dn_xlarge_3,0,23,4988
799,speech_recognition,triton_g4dn_xlarge_4,0,21,4997
821,speech_recognition,triton_g4dn_xlarge_1,0,22,4999
788,speech_recognition,triton_g4dn_xlarge_3,0,23,5015
940,speech_recognition,triton_g4dn_xlarge_4,0,21,5019
789,speech_recognition,triton_g4dn_xlarge_1,0,21,5023
828,speech_recognition,triton_g4dn_xlarge_3,0,22,5040
829,speech_recognition,triton_g4dn_xlarge_4,0,21,5050
834,speech_recognition,triton_g4dn_xlarge_1,0,21,5050
835,speech_recognition,triton_g4dn_xlarge_3,0,21,5071
837,speech_recognition,triton_g4dn_xlarge_1,0,23,5073
836,speech_recognition,triton_g4dn_xlarge_4,0,23,5073
838,speech_recognition,triton_g4dn_xlarge_3,0,21,5094
839,speech_recognition,triton_g4dn_xlarge_4,0,20,5103
840,speech_recognition,triton_g4dn_xlarge_1,0,23,5106
920,speech_recognition,triton_t2_large_6,0,564,5111
841,speech_recognition,triton_g4dn_xlarge_3,0,23,5118
779,speech_recognition,triton_c5_2xlarge_1,0,291,5126
842,speech_recognition,triton_g4dn_xlarge_4,0,22,5128
845,speech_recognition,triton_g4dn_xlarge_1,0,20,5137
851,speech_recognition,triton_g4dn_xlarge_3,0,22,5149
852,speech_recognition,triton_g4dn_xlarge_4,0,21,5159
923,speech_recognition,triton_t2_large_7,0,580,5160
853,speech_recognition,triton_g4dn_xlarge_1,0,22,5160
961,speech_recognition,triton_g4dn_xlarge_4,0,20,5179
854,speech_recognition,triton_g4dn_xlarge_3,0,21,5180
855,speech_recognition,triton_g4dn_xlarge_1,0,20,5190
859,speech_recognition,triton_g4dn_xlarge_3,0,21,5203
860,speech_recognition,triton_g4dn_xlarge_4,0,22,5203
861,speech_recognition,triton_g4dn_xlarge_1,0,21,5213
878,speech_recognition,triton_g4dn_xlarge_3,0,22,5225
879,speech_recognition,triton_g4dn_xlarge_4,0,22,5235
880,speech_recognition,triton_g4dn_xlarge_1,0,23,5237
881,speech_recognition,triton_g4dn_xlarge_3,0,22,5257
883,speech_recognition,triton_g4dn_xlarge_4,0,20,5266
884,speech_recognition,triton_g4dn_xlarge_1,0,22,5269
885,speech_recognition,triton_g4dn_xlarge_3,0,22,5279
886,speech_recognition,triton_g4dn_xlarge_4,0,20,5289
887,speech_recognition,triton_g4dn_xlarge_1,0,20,5299
888,speech_recognition,triton_g4dn_xlarge_3,0,21,5311
889,speech_recognition,triton_g4dn_xlarge_4,0,22,5313
938,speech_recognition,triton_g4dn_xlarge_1,0,21,5322
943,speech_recognition,triton_g4dn_xlarge_3,0,22,5334
944,speech_recognition,triton_g4dn_xlarge_4,0,21,5344
946,speech_recognition,triton_g4dn_xlarge_1,0,23,5346
964,speech_recognition,triton_g4dn_xlarge_4,0,21,5366
959,speech_recognition,triton_g4dn_xlarge_3,0,22,5367
848,speech_recognition,triton_c5_2xlarge_1,0,288,5415
847,speech_recognition,triton_t2_large_6,0,563,5680
857,speech_recognition,triton_t2_large_7,0,577,5748
